{"weights": [1.1840705207424875, -1.3926757024045935, 0.0, -1.3926757024045935, 0.021347655483323305, -0.009297286153549108, -0.027794478480564416, 0.05032511219431269, -1.3926757024045935, 0.07811959067487713, 0.0, 0.0, 0.7483026541217068, -0.504292169195029, 0.0], "n_features": 14, "type": "binary_logreg"}